Arizona Azorian 
Arizona's Azorians 
Arizonan's Arizonans 
Arizonian's Arizonians 
Arkansan's Arkansans 
Arleen Arlene 
Arleen's Arlene's 
Armageddon's Armageddons 
Armagnac's Armagnacs 
Armenian's Armenians 
Arminian's Arminians 
Arminianism's Arminianisms 
Armoric Crimora 
Armorics Crimora's 
Arneb's Barnes 
Arno Aron 
Arno's Aron's 
Artesia Astaire 
Artesia's Asterias 
Artex's Astrex 
Ary Ayr 
Ary's Ayr's 
Aryan's Aryans 
Asben Bean's Bena's 
Ascension's Ascensions 
Asch Cash 
Ascham Chama's 
Ascot Atco's Coats 
Ashcan Chana's 
Ashur's Asshur 
Asian's Asians 
Asiatic's Asiatics 
Assumption's Assumptions 
Assyrian's Assyrians 
AstroTurf Astroturf 
AstroTurfs Astroturfs 
Asturian Austrian Autrain's 
Asturians Austrian's Austrians 
Asturias Austria's 
At's Ats 
Atabrine's Atabrines 
Atari Atria 
Atari's Atria's 
Atco Cato 
Athabaskan's Athabaskans 
Athapascan's Athapascans 
Athenian's Athenians 
Atreus Auster 
Au's Aus 
Aube Beau 
Auber Bauer 
August's Augusts 
Augustinian's Augustinians 
Aureomycin's Aureomycins 
Aussie's Aussies 
Austin's Austins 
Australian's Australians 
Austronesian's Austronesians 
Autobahn's Autobahns 
Av's Avs 
Avalon Avlona 
Avesta's Avestas 
Ayrshire's Ayrshires 
Azerbaijani's Azerbaijanis 
Aztec's Aztecs 
B's BS 
BA Ba 
BA's BSA Ba's 
BASIC's BASICs 
BB's BBS 
BC CB Cb 
BC's CBS 
BLT's BLTs 
BR Br 
BTU Btu 
Baal Bala 
Baal's Baals 
Bab's Babs 
Babee's Babees 
Babel's Babels 
Babism Bambi's 
Babygro's Babygros 
Babylon's Babylons 
Babylonian's Babylonians 
Bache Beach 
Bache's Beach's 
Bacon Banco 
Bacon's Banco's 
Bader Beard Breda 
Bader's Beard's 
Baedeker's Baedekers 
Baggie's Baggies 
Baha'i Bahai Bahia 
Bahama's Bahamas 
Bahamian's Bahamians 
Bahraini's Bahrainis 
Bahreini's Bahreinis 
Bakelite's Bakelites 
Bakersville Baskerville 
Bakersville's Baskervilles 
Balaclava's Balaclavas 
Balcon Blanco 
Balcon's Blanco's 
Baldwin's Baldwins 
Baldwinsville Baldwinville's 
Bale Bela 
Bale's Basel Beals Bela's 
Bali's Basil 
Balmoral's Balmorals 
Balochi's Balochis 
Balti's Baltis 
Baluchi's Baluchis 
Bananalander's Bananalanders 
Banbury Burnaby 
Bangladeshi's Bangladeshis 
Bangor Brogan 
Banneker Bernanke 
Banneker's Bernanke's 
Bantam Batman 
Bantams Batman's 
Bantry Bryant 
Bantu's Bantus 
Baptist's Baptists 
Barbadian's Barbadians 
Barbour's Barbours 
Barboursville Barbourville's 
Barclaycard's Barclaycards 
Barco Broca 
Bardeen Bearden 
Bardeen's Bearden's 
Barents Barnet's 
Barham Braham Brahma 
Barham's Braham's Brahma's Brahmas 
Barney Bayern 
Barney's Bernays 
Barnum Burman 
Barotse's Barotses 
Barset Berta's 
Barthes Bertha's 
Basotho's Basothos 
Basque's Basques 
Basuto's Basutos 
Basye Bayes 
Bates Beats Beta's Betas 
Be's Bes 
Bean Bena 
Beat Beta 
Beatitude's Beatitudes 
Bebe Beeb 
Bebe's Beeb's 
Bechuana's Bechuanas 
Bedlam's Bedlams 
Bedloe's Bledsoe 
Bedouin's Bedouins 
Bedu Bude 
Bedu's Bude's 
Beira Beria 
Beirne Bernie 
Beirne's Bernie's 
Belarus Breslau 
Belarus's Breslau's 
Belarusian's Belarusians Belarussian 
Belen's Belsen 
Belgian Bengali 
Belgian's Belgians Bengali's Bengalis 
Bell's Bells 
Bellow Bowell 
Bellows Boswell Bowell's 
Belone Bonlee 
Belone's Bonlee's 
Belorussian's Belorussians 
Belus Blues 
Benedictine's Benedictines 
Bengal's Bengals 
Benito Benoit 
Benito's Benoit's 
Bennie Bienne 
Benoni Bonnie 
Benzedrine's Benzedrines 
Berar Berra 
Berber's Berbers 
Bercy Bryce 
Bercy's Bryce's 
Bergonians Bergsonian 
Bergonisms Bergsonism 
Bering Binger 
Berkshire's Berkshires 
Berlin's Berlins 
Berliner's Berliners 
Bermuda's Bermudas 
Bermudan's Bermudans 
Bermudian's Bermudians 
Bern Bren 
Bern's Bren's Brens 
Bernard Bradner 
Bert Bret 
Bert's Brest Bret's 
Bethune Beuthen 
Bible's Bibles 
Bigfoot's Bigfoots 
Bihari's Biharis 
Biloxi's Biloxis 
Bimini's Biminis 
Birdeye's Birdseye 
Biro's Biros Boris 
Bisayan's Bisayans 
Blackshirt's Blackshirts 
Blacksville Blackville's 
Blair's Blairs Brasil 
Blairite's Blairites 
Blantyre Brantley 
Blantyre's Brantley's 
Blimp's Blimps 
Bloomburg's Bloomsburg 
Bloomdale's Bloomsdale 
Blountsville Blountville's 
Blu Bul 
Bluebeard's Bluebeards 
Boabdil Bobadil 
Board Broad 
Boards Broads 
Boche's Boches 
Bodhisattva's Bodhisattvas 
Bodoni's Bodonis 
Boer's Boers 
Bohemian's Bohemians 
Boley Boyle 
Bolivian's Bolivians 
Bolshevik's Bolsheviks 
Bombay's Bombays 
Bondsville Bondville's 
Bonnard Brandon 
Bonwier Brownie 
Bonwier's Brownies 
Booker Brooke 
Borg's Borgs 
Born Brno 
Bornean's Borneans 
Bornu Bruno 
Bors Bros 
Borstal's Borstals 
Boston's Bostons 
Bourbon's Bourbons 
Bourg's Burgos 
Bourges Brogue's 
Bourse's Bourses 
Boyer's Boyers 
Boykin's Boykins 
Bracey Cabery 
Bracey's Cabery's 
Braden Brenda 
Braden's Brenda's 
Bragg's Braggs 
Brahman's Brahmans 
Brahmanism's Brahmanisms 
Braille's Brailles 
Braillist's Braillists 
Brain Brian 
Brain's Brian's 
Bramley's Bramleys 
Brandeis Brandie's 
Branden Brendan 
Branden's Brendan's 
Brandi Briand 
Branson Brosnan 
Branson's Brosnan's 
Braun Burna 
Bray's Byars 
Brazilian's Brazilians 
Brescian Cinebar's 
Breton Bronte 
Breton's Bretons 
Brie's Bries 
Brit's Brits 
Briticism's Briticisms 
Britisher's Britishers 
Britishism's Britishisms 
Briton's Britons 
Brittany's Brittanys 
Broadway's Broadways 
Brookston Brookton's 
Brooksville Brookville's 
Brother's Brothers 
Brownstown Browntown's 
Brownsville Brownville's 
Bruch Burch 
Bruges's Burgess 
Bruin Bruni 
Bruin's Bruni's 
Brummie's Brummies 
Bruneian's Bruneians 
Brunsville Burnsville 
Brunsville's Burnsville's 
Brusa Buras Bursa Busra 
Brusett Butters 
Brusett's Butters's 
Brut Burt 
Brut's Burt's 
Bryantsville Bryantville's 
Bryon Byron 
Bryon's Bryson 
Buckeye's Buckeyes 
Buddha's Buddhas 
Buddhism's Buddhisms 
Buddhist's Buddhists 
Bulgarian's Bulgarians 
Buna's Bunas 
Burch's Bursch 
Burdine's Burnside 
Burkesville Burkeville's 
Burnet Butner 
Burundian's Burundians 
Butazolidin's Butazolidins 
Byelorussian's Byelorussians 
Byzantine's Byzantines 
C's CS Cs 
CA Ca 
CAI CIA 
CAM Cam 
CAP CPA 
CAT Cat 
CAT's Cats 
CCD CDC 
CD Cd 
CD's Cd's 
CF Cf 
CID Cid 
CO Co 
CO's Co's Cos 
COBOL Cobol 
COBOL's COBOLs Cobol's 
COD Cod 
COL Col 
COM Com 
CR Cr 
CRT's CRTs 
CST CT's 
CT Ct 
Cabernet's Cabernets 
Caddo's Caddos 
Caerleon Caroleen 
Caesar's Caesars 
Caesarism's Caesarisms 
Cahone Chenoa 
Cahone's Chenoa's 
Cain's Cains Canis 
Caird Cidra 
Cajun's Cajuns 
Californian's Californians 
Calinago Coalinga 
Calinagos Coalinga's 
Calio Coila 
Calio's Coila's 
Callery Carlyle 
Callisto Castillo Costilla 
Callisto's Castillo's Costilla's 
Calpe's Capels 
Calvaries Cavalier's Cavaliers 
Calvinism's Calvinisms 
Calvinist's Calvinists 
Calypso Coplay's 
Cambodian's Cambodians 
Cambrai Cambria 
Cambrian's Cambrians 
Camelot's Camelots 
Camembert's Camemberts 
Cameron Cremona 
Cameroon's Cameroons 
Cameroonian's Cameroonians 
Camorra's Camorras 
Campo's Campos 
Canaanite's Canaanites 
Canadian's Canadians 
Canarese Cesarean 
Cancer's Cancers 
Cando Conda 
Cando's Conda's 
Candor Conrad 
Canicula Culiacan 
Canicula's Culiacan's 
Canmer Carmen 
Canmer's Carmen's 
Canon Conan 
Canon's Conan's 
Canso Cason 
Cantabrigian's Cantabrigians 
Cantil Catlin 
Cantil's Catlin's 
Cantor Carnot Catron 
Cantor's Catron's 
Canuck's Canucks 
Capitan Captain 
Capitan's Captain's 
Capitol's Capitols 
Capra's Caspar 
Capri's Capris 
Capricorn's Capricorns 
Capsian Caspian 
Capulet's Capulets 
Cara's Casar 
Cardigan's Cardigans 
Carian Carina 
Carib's Caribs 
Caribbean's Caribbeans 
Carla Clara 
Carla's Clara's 
Carleton Coltrane 
Carlile's Carlisle 
Carlo Carol Coral 
Carlo's Carlos Carol's Coral's 
Carly Caryl 
Carly's Caryl's 
Carmelite's Carmelites 
Carmichael's Carmichaels 
Carmine Crimean 
Carne Crane 
Carnesville Cranesville 
Carnesville's Cranesville's 
Carney Crayne 
Carney's Crayne's 
Carniola Carolina 
Caro Cora 
Caro's Cora's 
Carole Creola 
Carole's Creola's 
Caroline Colerain Cornelia 
Carolinian's Carolinians 
Carpathian's Carpathians 
Carroll's Carrolls 
Carter Crater 
Carter's Crater's 
Cartersville Carterville's 
Carthaginian's Carthaginians 
Cary Cray 
Casandra's Cassandra 
Casanova's Casanovas 
Cascilla's Classical 
Casey Cayes 
Casio's Cassio 
Cason's Casson 
Cassandra's Cassandras 
Castalian Catalina's 
Castor Castro Croat's Croats 
Castroism's Castroisms 
Cataian Catania 
Catalan's Catalans 
Catarina Craniata 
Catarina's Craniata's 
Catawba's Catawbas 
Caterpillar's Caterpillars 
Catharine's Charentais 
Cathleen's Cleanthes 
Catholic's Catholics 
Catholicism's Catholicisms 
Catskill's Catskills 
Caucasian's Caucasians 
Causey Cayuse 
Causey's Cayuses 
Cayuga's Cayugas 
Cebu's Cebus 
Cecily Cicely 
Cecily's Cicely's 
Celia's Ciales 
Celt's Celts 
Celtic's Celtics 
Cenis Cisne 
Ceres Cree's Crees 
Cereus Creuse 
Ceto Cote 
Ceylon Conley 
Ceylon's Conley's 
Ch'in Chin 
Chadian's Chadians 
Chadron Chardon 
Chadron's Chardon's 
Chain Chian China 
Chaitin Chianti Chitina 
Chaitin's Chianti's Chiantis Chitina's 
Champagne's Champagnes 
Chanel Chelan 
Chappell's Chappells 
Chardonnay's Chardonnays 
Charleston's Charlestons 
Charmin's Chrisman 
Chartism's Chartisms Christmas 
Chartist's Chartists 
Chartreuse's Chartreuses 
Chasidism Chassidim 
Chasidisms Chassidism 
Chateaubriand's Chateaubriands 
Cheer Chere 
Cheer's Chere's 
Cheiron Chireno 
Cherokee's Cherokees 
Cheviot's Cheviots 
Chevrolet's Chevrolets 
Chewa's Chewas 
Cheyenne's Cheyennes 
Chians China's 
Chickasaw's Chickasaws 
Chihuahua's Chihuahuas 
Childers's Childress 
Chilean's Chileans 
Chimaera's Chimaeras 
Chimera's Chimeras 
Chindit's Chindits 
Chinee's Chinese 
Chinook's Chinooks 
Chipewyan's Chipewyans 
Chippendale's Chippendales 
Chippewa's Chippewas 
Chloromycetin's Chloromycetins 
Choctaw's Choctaws 
Chosen Cohens 
Christ's Christs 
Christendom's Christendoms 
Christian Christina 
Christian's Christians 
Christiania's Christianias 
Christingle's Christingles 
Christmastide's Christmastides 
Christmastime's Christmastimes 
Chrysler's Chryslers 
Cinderella's Cinderellas 
CinemaScope Cinemascope 
Cipro's Cipros 
Circassian's Circassians 
Cistercian's Cistercians 
Clarion Colrain Conrail 
Clarion's Colrain's Conrail's 
Clarkdale's Clarksdale 
Clarkston Clarkton's 
Claysville Clayville's 
Clement's Clements 
Clemons Clemson 
Cleo Cole 
Clio's Clios 
Clomid's Clomids 
Clorets Closter 
Clorets's Closter's 
Clover Colver 
Clover's Colver's 
Clydesdale's Clydesdales 
Cobdenite's Cobdenites 
Cockney's Cockneys 
Coden Conde 
Coden's Conde's 
Cognac's Cognacs 
Cohocton's Coshocton 
Coke's Cokes 
Colerain's Cornelia's 
Collier Corelli 
Collier's Colliers 
Colliersville Collierville's 
Collin's Collins 
Colombian's Colombians 
Coloradan's Coloradans 
Columba Cumbola 
Columba's Cumbola's 
Comanche's Comanches 
Communion's Communions 
Communist's Communists 
Comoran Cromona 
Comoro's Comoros 
Concord's Concords 
Conestoga's Conestogas 
Confederate's Confederates 
Confucian's Confucians 
Confucianism's Confucianisms 
Conger's Congers 
Congregationalism's Congregationalisms 
Congregationalist's Congregationalists 
Connersville Connerville's 
Connor's Connors 
Conor's Corson 
Conover's Converso 
Cooksville Cookville's 
Copt's Copts 
Corbett's Corbetts 
Corfiot's Corfiots 
Corinthian's Corinthians 
Cornhusker's Cornhuskers 
Cornus Cronus 
Cornus's Cronus's 
Cortland's Cortlands 
Corton Croton 
Corton's Croton's 
Corydon Croydon 
Costner Creston 
Costner's Creston's 
Cotswold's Cotswolds 
Coulter's Coulters 
Cou�ist's Cou�ists 
Craigsville Craigville's 
Creek's Creeks 
Creole's Creoles 
Cretan's Cretans 
Cricetus Curtice's 
Croatian's Croatians 
Croesus Crouse's Crusoe's 
Croswell Crowell's 
Crouse Crusoe Cuero's 
Crow's Crows 
Crucifixion's Crucifixions 
Cuban's Cubans 
Cumming's Cummings 
Curacao's Curacaos 
Curtis's Curtiss 
Cyprian's Cyprians 
Cyprinodont's Cyprinodonts 
Cypriot's Cypriots 
Czech's Czechs 
Czechoslovakian's Czechoslovakians 
